Time (UTC), Site, BuoyID, Hs (m), Tp (s), Tm (s), Dp (deg), DpSpr (deg), Dm (deg), DmSpr (deg), QF_waves, SST (degC), QF_sst, WindSpeed (m/s), WindDirec (deg), blank, blank, blank, blank, blank 
1610523271.000000,Hilarys,SPOT-0093,1.300000,11.360000,5.040000,264.174000,38.830000,241.840000,58.050000,1.000000,-9999.000000,4.000000,7.600000,217.000000,-9999.000000,-9999.000000,-9999.000000,-9999.000000,-9999.000000 
1610525071.000000,Hilarys,SPOT-0093,1.330000,11.360000,5.080000,269.327000,40.609000,241.521000,56.694000,1.000000,-9999.000000,4.000000,7.600000,217.000000,-9999.000000,-9999.000000,-9999.000000,-9999.000000,-9999.000000 
